{"cameraMode":{"drawMode":0,"name":"Shaded","section":"Shading Mode"},"sceneLighting":true,"audioPlay":false,"sceneViewState":{"m_AlwaysRefresh":false,"showFog":true,"showSkybox":false,"showFlares":true,"showImageEffects":true,"showParticleSystems":true,"showVisualEffectGraphs":true,"m_FxEnabled":true},"in2DMode":false,"pivot":{"x":-1.715108871459961,"y":1.4159055948257447,"z":0.2102339267730713},"rotation":{"x":-0.07531110942363739,"y":0.6719356179237366,"z":-0.06898622959852219,"w":-0.7335357069969177},"size":3.7744882106781008,"orthographic":false}